日期,CTA净值,中证500,上证50,回撤,日涨跌,,
2016/2/4,1.0000 ,1.0000 ,1.0000 ,,,,
2016/2/5,0.9902 ,0.9900 ,0.9965 ,-0.98%,-0.98%,,
2016/2/15,0.9836 ,0.9907 ,0.9869 ,-1.64%,-0.67%,,
2016/2/16,1.0232 ,1.0316 ,1.0135 ,0.00%,4.03%,,
2016/2/17,1.0347 ,1.0437 ,1.0204 ,0.00%,1.12%,,
2016/2/18,1.0375 ,1.0412 ,1.0177 ,0.00%,0.27%,,
2016/2/19,1.0339 ,1.0451 ,1.0151 ,-0.35%,-0.35%,,
2016/2/22,1.0517 ,1.0668 ,1.0403 ,0.00%,1.73%,,
2016/2/23,1.0474 ,1.0610 ,1.0280 ,-0.41%,-0.41%,,
2016/2/24,1.0540 ,1.0681 ,1.0340 ,0.00%,0.63%,,
2016/2/25,1.1470 ,0.9833 ,0.9789 ,0.00%,8.82%,,
2016/2/26,1.1588 ,0.9873 ,0.9905 ,0.00%,1.03%,,
2016/2/29,1.1427 ,0.9351 ,0.9850 ,-1.39%,-1.39%,,
2016/3/1,1.1767 ,0.9567 ,0.9995 ,0.00%,2.97%,,
2016/3/2,1.2578 ,1.0055 ,1.0350 ,0.00%,6.89%,,
2016/3/3,1.2614 ,1.0097 ,1.0400 ,0.00%,0.29%,,
2016/3/4,1.2952 ,0.9825 ,1.0750 ,0.00%,2.68%,,
2016/3/7,1.3288 ,1.0054 ,1.0676 ,0.00%,2.59%,,
2016/3/8,1.3257 ,1.0075 ,1.0714 ,-0.23%,-0.23%,,
2016/3/9,1.3109 ,0.9817 ,1.0697 ,-1.34%,-1.11%,,
2016/3/10,1.2858 ,0.9651 ,1.0442 ,-3.24%,-1.92%,,
2016/3/11,1.2899 ,0.9629 ,1.0489 ,-2.93%,0.32%,,
2016/3/14,1.2379 ,0.9946 ,1.0528 ,-6.84%,-4.03%,,
2016/3/15,1.2452 ,0.9857 ,1.0643 ,-6.29%,0.59%,,
2016/3/16,1.2603 ,0.9723 ,1.0820 ,-5.15%,1.21%,,
2016/3/17,1.2750 ,1.0043 ,1.0796 ,-4.04%,1.17%,,
2016/3/18,1.2850 ,1.0398 ,1.0846 ,-3.30%,0.78%,,
2016/3/21,1.3195 ,1.0661 ,1.1110 ,-0.70%,2.69%,,
2016/3/22,1.3173 ,1.0619 ,1.1008 ,-0.86%,-0.17%,,
2016/3/23,1.3234 ,1.0695 ,1.1018 ,-0.40%,0.47%,,
2016/3/24,1.2999 ,1.0519 ,1.0827 ,-2.17%,-1.78%,,
2016/3/25,1.3148 ,1.0622 ,1.0886 ,-1.05%,1.15%,,
2016/3/28,1.3000 ,1.0553 ,1.0754 ,-2.17%,-1.13%,,
2016/3/29,1.2845 ,1.0350 ,1.0672 ,-3.33%,-1.19%,,
2016/3/30,1.3359 ,1.0727 ,1.0928 ,0.00%,4.01%,,
2016/3/31,1.3358 ,1.0759 ,1.0923 ,-0.01%,-0.01%,,
2016/4/1,1.3336 ,1.0704 ,1.0980 ,-0.18%,-0.16%,,
2016/4/5,1.3384 ,1.0988 ,1.1044 ,0.00%,0.36%,,
2016/4/6,1.3329 ,1.1052 ,1.0982 ,-0.40%,-0.40%,,
2016/4/7,1.3181 ,1.0887 ,1.0837 ,-1.51%,-1.11%,,
2016/4/8,1.3088 ,1.0782 ,1.0758 ,-2.21%,-0.71%,,
2016/4/11,1.3350 ,1.1019 ,1.0882 ,-0.25%,2.01%,,
2016/4/12,1.3339 ,1.0929 ,1.0859 ,-0.33%,-0.09%,,
2016/4/13,1.3193 ,1.1088 ,1.0998 ,-1.42%,-1.09%,,
2016/4/14,1.3245 ,1.1189 ,1.1037 ,-1.03%,0.39%,,
2016/4/15,1.3267 ,1.1159 ,1.1053 ,-0.87%,0.17%,,
2016/4/18,1.3126 ,1.0978 ,1.0932 ,-1.93%,-1.07%,,
2016/4/19,1.3157 ,1.1026 ,1.0959 ,-1.69%,0.24%,,
2016/4/20,1.3825 ,1.0526 ,1.0915 ,0.00%,5.07%,,
2016/4/21,1.3814 ,1.0436 ,1.0879 ,-0.08%,-0.08%,,
2016/4/22,1.3884 ,1.0507 ,1.0929 ,0.00%,0.50%,,
2016/4/25,1.3812 ,1.0448 ,1.0882 ,-0.51%,-0.51%,,
2016/4/26,1.3838 ,1.0569 ,1.0920 ,-0.33%,0.19%,,
2016/4/27,1.3771 ,1.0516 ,1.0867 ,-0.81%,-0.49%,,
2016/4/28,1.3689 ,1.0470 ,1.0850 ,-1.40%,-0.59%,,
2016/4/29,1.3689 ,1.0462 ,1.0817 ,-1.40%,0.00%,,
2016/5/3,1.4248 ,1.0779 ,1.0932 ,0.00%,4.08%,,
2016/5/4,1.4205 ,1.0784 ,1.0905 ,-0.30%,-0.30%,,
2016/5/5,1.4181 ,1.0843 ,1.0905 ,-0.47%,-0.17%,,
2016/5/6,1.3814 ,1.0419 ,1.0673 ,-3.05%,-2.59%,,
2016/5/9,1.3258 ,1.0039 ,1.0498 ,-6.95%,-4.02%,,
2016/5/10,1.3251 ,1.0030 ,1.0497 ,-6.99%,-0.05%,,
2016/5/11,1.3289 ,1.0003 ,1.0528 ,-6.73%,0.28%,,
2016/5/12,1.3322 ,1.0009 ,1.0560 ,-6.50%,0.25%,,
2016/5/13,1.3343 ,0.9987 ,1.0516 ,-6.35%,0.16%,,
2016/5/16,1.3373 ,1.0159 ,1.0549 ,-6.14%,0.22%,,
2016/5/17,1.3355 ,1.0120 ,1.0513 ,-6.27%,-0.14%,,
2016/5/18,1.3689 ,0.9842 ,1.0529 ,-3.92%,2.50%,,
2016/5/19,1.3705 ,0.9904 ,1.0504 ,-3.81%,0.12%,,
2016/5/20,1.3826 ,1.0020 ,1.0552 ,-2.96%,0.88%,,
2016/5/23,1.4006 ,1.0154 ,1.0548 ,-1.70%,1.30%,,
2016/5/24,1.3925 ,1.0038 ,1.0468 ,-2.27%,-0.58%,,
2016/5/25,1.3953 ,0.9989 ,1.0495 ,-2.07%,0.20%,,
2016/5/26,1.3955 ,1.0040 ,1.0516 ,-2.06%,0.01%,,
2016/5/27,1.3989 ,1.0032 ,1.0510 ,-1.82%,0.24%,,
2016/5/30,1.4033 ,0.9982 ,1.0597 ,-1.51%,0.32%,,
2016/5/31,1.4495 ,1.0395 ,1.0919 ,0.00%,3.30%,,
2016/6/1,1.4434 ,1.0441 ,1.0834 ,-0.43%,-0.43%,,
2016/6/2,1.4527 ,1.0511 ,1.0828 ,0.00%,0.64%,,
2016/6/3,1.4688 ,1.0544 ,1.0904 ,0.00%,1.11%,,
2016/6/6,1.4594 ,1.0577 ,1.0821 ,-0.64%,-0.64%,,
2016/6/7,1.4694 ,1.0566 ,1.0835 ,0.00%,0.68%,,
2016/6/8,1.4740 ,1.0529 ,1.0804 ,0.00%,0.32%,,
2016/6/13,1.4277 ,1.0044 ,1.0558 ,-3.14%,-3.14%,,
2016/6/14,1.4252 ,1.0072 ,1.0612 ,-3.31%,-0.18%,,
2016/6/15,1.4741 ,1.0404 ,1.0671 ,0.00%,3.44%,,
2016/6/16,1.4737 ,1.0365 ,1.0611 ,-0.03%,-0.03%,,
2016/6/17,1.4856 ,1.0424 ,1.0648 ,0.00%,0.81%,,
2016/6/20,1.4948 ,1.0462 ,1.0658 ,0.00%,0.62%,,
2016/6/21,1.4767 ,1.0341 ,1.0660 ,-1.21%,-1.21%,,
2016/6/22,1.4843 ,1.0502 ,1.0717 ,-0.70%,0.51%,,
2016/6/23,1.4801 ,1.0449 ,1.0665 ,-0.98%,-0.28%,,
2016/6/24,1.4603 ,1.0318 ,1.0517 ,-2.31%,-1.34%,,
2016/6/27,1.5048 ,1.0564 ,1.0616 ,0.00%,3.05%,,
2016/6/28,1.5087 ,1.0675 ,1.0647 ,0.00%,0.26%,,
2016/6/29,1.5241 ,1.0697 ,1.0753 ,0.00%,1.02%,,
2016/6/30,1.5248 ,1.0703 ,1.0752 ,0.00%,0.05%,,
2016/7/1,1.5274 ,1.0682 ,1.0774 ,0.00%,0.16%,,
2016/7/4,1.5514 ,1.0892 ,1.0958 ,0.00%,1.58%,,
2016/7/5,1.5564 ,1.0958 ,1.0986 ,0.00%,0.32%,,
2016/7/6,1.5620 ,1.1007 ,1.0977 ,0.00%,0.36%,,
2016/7/7,1.5752 ,1.1046 ,1.0976 ,0.00%,0.85%,,
2016/7/8,1.5716 ,1.1011 ,1.0884 ,-0.23%,-0.23%,,
2016/7/11,1.5673 ,1.1033 ,1.0919 ,-0.50%,-0.27%,,
2016/7/12,1.6015 ,1.1177 ,1.1145 ,0.00%,2.18%,,
2016/7/13,1.6130 ,1.1267 ,1.1132 ,0.00%,0.72%,,
2016/7/14,1.6195 ,1.1283 ,1.1119 ,0.00%,0.40%,,
2016/7/15,1.6189 ,1.1258 ,1.1105 ,-0.04%,-0.04%,,
2016/7/18,1.6115 ,1.1207 ,1.1083 ,-0.50%,-0.46%,,
2016/7/19,1.5981 ,1.1242 ,1.1019 ,-1.32%,-0.83%,,
2016/7/20,1.5957 ,1.1217 ,1.0977 ,-1.47%,-0.15%,,
2016/7/21,1.6071 ,1.1261 ,1.1031 ,-0.77%,0.71%,,
2016/7/22,1.6161 ,1.1170 ,1.0927 ,-0.21%,0.56%,,
2016/7/25,1.6202 ,1.1201 ,1.0939 ,0.00%,0.25%,,
2016/7/26,1.6468 ,1.1351 ,1.1055 ,0.00%,1.64%,,
2016/7/27,1.6292 ,1.0888 ,1.1012 ,-1.07%,-1.07%,,
2016/7/28,1.6344 ,1.0912 ,1.0960 ,-0.75%,0.32%,,
2016/7/29,1.6399 ,1.0841 ,1.0917 ,-0.42%,0.34%,,
2016/8/1,1.6286 ,1.0678 ,1.0878 ,-1.10%,-0.69%,,
2016/8/2,1.6295 ,1.0781 ,1.0882 ,-1.05%,0.06%,,
2016/8/3,1.6343 ,1.0834 ,1.0869 ,-0.76%,0.29%,,
2016/8/4,1.6509 ,1.0903 ,1.0859 ,0.00%,1.02%,,
2016/8/5,1.6551 ,1.0842 ,1.0884 ,0.00%,0.25%,,
2016/8/8,1.6623 ,1.0995 ,1.0939 ,0.00%,0.44%,,
2016/8/9,1.6733 ,1.1084 ,1.1019 ,0.00%,0.66%,,
2016/8/10,1.6699 ,1.1043 ,1.0992 ,-0.20%,-0.20%,,
2016/8/11,1.6739 ,1.0882 ,1.1027 ,0.00%,0.24%,,
2016/8/12,1.7062 ,1.1010 ,1.1257 ,0.00%,1.93%,,
2016/8/15,1.7566 ,1.1260 ,1.1588 ,0.00%,2.95%,,
2016/8/16,1.7706 ,1.1306 ,1.1436 ,0.00%,0.80%,,
2016/8/17,1.7741 ,1.1340 ,1.1416 ,0.00%,0.20%,,
2016/8/18,1.7778 ,1.1344 ,1.1370 ,0.00%,0.21%,,
2016/8/19,1.7794 ,1.1360 ,1.1393 ,0.00%,0.09%,,
2016/8/22,1.7970 ,1.1221 ,1.1332 ,0.00%,0.99%,,
2016/8/23,1.7981 ,1.1236 ,1.1356 ,0.00%,0.06%,,
2016/8/24,1.7902 ,1.1247 ,1.1307 ,-0.44%,-0.44%,,
2016/8/25,1.7800 ,1.1155 ,1.1256 ,-1.01%,-0.57%,,
2016/8/26,1.7792 ,1.1205 ,1.1241 ,-1.05%,-0.04%,,
2016/8/29,1.7923 ,1.1234 ,1.1216 ,-0.32%,0.73%,,
2016/8/30,1.7931 ,1.1231 ,1.1265 ,-0.28%,0.04%,,
2016/8/31,1.7982 ,1.1246 ,1.1309 ,0.00%,0.29%,,
2016/9/1,1.7864 ,1.1154 ,1.1247 ,-0.66%,-0.66%,,
2016/9/2,1.7922 ,1.1111 ,1.1295 ,-0.33%,0.33%,,
2016/9/5,1.7937 ,1.1172 ,1.1289 ,-0.25%,0.08%,,
2016/9/6,1.8320 ,1.1348 ,1.1308 ,0.00%,2.14%,,
2016/9/7,1.8347 ,1.1351 ,1.1329 ,0.00%,0.15%,,
2016/9/8,1.8319 ,1.1392 ,1.1329 ,-0.15%,-0.15%,,
2016/9/9,1.8222 ,1.1310 ,1.1292 ,-0.68%,-0.53%,,
2016/9/12,1.7912 ,1.0997 ,1.1143 ,-2.37%,-1.70%,,
2016/9/13,1.8011 ,1.1046 ,1.1109 ,-1.83%,0.55%,,
2016/9/14,1.7947 ,1.0973 ,1.1025 ,-2.18%,-0.35%,,
2016/9/19,1.8121 ,1.1088 ,1.1090 ,-1.23%,0.97%,,
2016/9/20,1.8103 ,1.1085 ,1.1064 ,-1.33%,-0.10%,,
2016/9/21,1.8192 ,1.1088 ,1.1078 ,-0.84%,0.49%,,
2016/9/22,1.8056 ,1.1161 ,1.1147 ,-1.59%,-0.75%,,
2016/9/23,1.8066 ,1.1134 ,1.1125 ,-1.53%,0.06%,,
2016/9/26,1.8340 ,1.0909 ,1.0978 ,-0.04%,1.52%,,
2016/9/27,1.8465 ,1.0988 ,1.1024 ,0.00%,0.69%,,
2016/9/28,1.8449 ,1.0978 ,1.0975 ,-0.09%,-0.09%,,
2016/9/29,1.8626 ,1.1009 ,1.1019 ,0.00%,0.96%,,
2016/9/30,1.8564 ,1.1060 ,1.1029 ,-0.33%,-0.33%,,
2016/10/10,1.8929 ,1.1269 ,1.1158 ,0.00%,1.96%,,
2016/10/11,1.8961 ,1.1337 ,1.1190 ,0.00%,0.17%,,
2016/10/12,1.8975 ,1.1331 ,1.1149 ,0.00%,0.07%,,
2016/10/13,1.9010 ,1.1334 ,1.1154 ,0.00%,0.18%,,
2016/10/14,1.8990 ,1.1307 ,1.1193 ,-0.11%,-0.11%,,
2016/10/17,1.8812 ,1.1209 ,1.1108 ,-1.04%,-0.94%,,
2016/10/18,1.9062 ,1.1377 ,1.1259 ,0.00%,1.33%,,
2016/10/19,1.9029 ,1.1352 ,1.1253 ,-0.17%,-0.17%,,
2016/10/20,1.9062 ,1.1358 ,1.1262 ,0.00%,0.17%,,
2016/10/21,1.9175 ,1.1317 ,1.1350 ,0.00%,0.59%,,
2016/10/24,1.9473 ,1.1430 ,1.1503 ,0.00%,1.56%,,
2016/10/25,1.9425 ,1.1471 ,1.1479 ,-0.25%,-0.25%,,
2016/10/26,1.9371 ,1.1414 ,1.1433 ,-0.52%,-0.28%,,
2016/10/27,1.9327 ,1.1391 ,1.1398 ,-0.75%,-0.23%,,
2016/10/28,1.9375 ,1.1283 ,1.1416 ,-0.50%,0.25%,,
2016/10/31,1.9330 ,1.1277 ,1.1399 ,-0.74%,-0.23%,,
2016/11/1,1.9497 ,1.1375 ,1.1465 ,0.00%,0.87%,,
2016/11/2,1.9295 ,1.1282 ,1.1370 ,-1.04%,-1.04%,,
2016/11/3,1.9482 ,1.1332 ,1.1517 ,-0.08%,0.97%,,
2016/11/4,1.9480 ,1.1295 ,1.1508 ,-0.09%,-0.01%,,
2016/11/7,1.9528 ,1.1306 ,1.1533 ,0.00%,0.25%,,
2016/11/8,1.9632 ,1.1366 ,1.1561 ,0.00%,0.53%,,
2016/11/9,1.9431 ,1.1280 ,1.1467 ,-1.02%,-1.02%,,
2016/11/10,1.9625 ,1.1425 ,1.1597 ,-0.03%,0.99%,,
2016/11/11,1.9802 ,1.1507 ,1.1693 ,0.00%,0.91%,,
2016/11/14,1.9725 ,1.1562 ,1.1740 ,-0.39%,-0.39%,,
2016/11/15,1.9680 ,1.1606 ,1.1705 ,-0.62%,-0.23%,,
2016/11/16,1.9750 ,1.1613 ,1.1700 ,-0.26%,0.36%,,
2016/11/17,1.9775 ,1.1599 ,1.1735 ,-0.14%,0.12%,,
2016/11/18,1.9821 ,1.1540 ,1.1687 ,0.00%,0.23%,,
2016/11/21,2.0029 ,1.1556 ,1.1826 ,0.00%,1.05%,,
2016/11/22,2.0213 ,1.1643 ,1.1919 ,0.00%,0.92%,,
2016/11/23,2.0272 ,1.1590 ,1.1956 ,0.00%,0.29%,,
2016/11/24,2.0325 ,1.1576 ,1.1998 ,0.00%,0.26%,,
2016/11/25,2.0622 ,1.1628 ,1.2126 ,0.00%,1.46%,,
2016/11/28,2.0734 ,1.1659 ,1.2172 ,0.00%,0.54%,,
2016/11/29,2.1093 ,1.1572 ,1.2367 ,0.00%,1.73%,,
2016/11/30,2.0872 ,1.1510 ,1.2255 ,-1.05%,-1.05%,,
2016/12/1,2.0996 ,1.1578 ,1.2315 ,-0.46%,0.59%,,
2016/12/2,2.1434 ,1.1397 ,1.2240 ,0.00%,2.09%,,
2016/12/5,2.1418 ,1.1336 ,1.2031 ,-0.08%,-0.08%,,
2016/12/6,2.1379 ,1.1345 ,1.1998 ,-0.26%,-0.18%,,
2016/12/7,2.1563 ,1.1462 ,1.2040 ,0.00%,0.86%,,
2016/12/8,2.1563 ,1.1409 ,1.2050 ,0.00%,0.00%,,
2016/12/9,2.1834 ,1.1385 ,1.2214 ,0.00%,1.26%,,
2016/12/12,2.1588 ,1.0922 ,1.2092 ,-1.13%,-1.13%,,
2016/12/13,2.1778 ,1.0973 ,1.2019 ,-0.26%,0.88%,,
2016/12/14,2.1754 ,1.0905 ,1.1956 ,-0.37%,-0.11%,,
2016/12/15,2.1883 ,1.0977 ,1.1700 ,0.00%,0.59%,,
2016/12/16,2.1873 ,1.1044 ,1.1662 ,-0.05%,-0.05%,,
2016/12/19,2.1844 ,1.1047 ,1.1606 ,-0.18%,-0.13%,,
2016/12/20,2.1794 ,1.1012 ,1.1547 ,-0.41%,-0.23%,,
2016/12/21,2.2050 ,1.1094 ,1.1637 ,0.00%,1.18%,,
2016/12/22,2.1932 ,1.1084 ,1.1610 ,-0.54%,-0.54%,,
2016/12/23,2.1837 ,1.0980 ,1.1541 ,-0.97%,-0.43%,,
2016/12/26,2.1865 ,1.1002 ,1.1623 ,-0.84%,0.13%,,
2016/12/27,2.1782 ,1.0992 ,1.1584 ,-1.22%,-0.38%,,
2016/12/28,2.1782 ,1.0959 ,1.1534 ,-1.21%,0.00%,,
2016/12/29,2.1775 ,1.0928 ,1.1524 ,-1.25%,-0.04%,,
2016/12/30,2.1841 ,1.0948 ,1.1584 ,-0.95%,0.31%,,
2017/1/3,2.2081 ,1.1047 ,1.1690 ,0.00%,1.10%,,
2017/1/4,2.2221 ,1.1177 ,1.1763 ,0.00%,0.64%,,
2017/1/5,2.2213 ,1.1185 ,1.1765 ,-0.03%,-0.03%,,
2017/1/6,2.2137 ,1.1136 ,1.1695 ,-0.38%,-0.34%,,
2017/1/9,2.2252 ,1.1213 ,1.1743 ,0.00%,0.52%,,
2017/1/10,2.2150 ,1.1175 ,1.1714 ,-0.46%,-0.46%,,
2017/1/11,2.2059 ,1.1067 ,1.1652 ,-0.87%,-0.41%,,
2017/1/12,2.1984 ,1.0964 ,1.1627 ,-1.20%,-0.34%,,
2017/1/13,2.2120 ,1.0827 ,1.1691 ,-0.59%,0.62%,,
2017/1/16,2.2314 ,1.0541 ,1.1839 ,0.00%,0.88%,,
2017/1/17,2.2506 ,1.0630 ,1.1800 ,0.00%,0.86%,,
2017/1/18,2.2539 ,1.0607 ,1.1867 ,0.00%,0.15%,,
2017/1/19,2.2426 ,1.0563 ,1.1827 ,-0.50%,-0.50%,,
2017/1/20,2.2684 ,1.0700 ,1.1889 ,0.00%,1.15%,,
2017/1/23,2.2649 ,1.0788 ,1.1889 ,-0.16%,-0.16%,,
2017/1/24,2.2674 ,1.0776 ,1.1916 ,-0.04%,0.11%,,
2017/1/25,2.2741 ,1.0801 ,1.1947 ,0.00%,0.29%,,
2017/1/26,2.2609 ,1.0878 ,1.1974 ,-0.58%,-0.58%,,
2017/2/3,2.2515 ,1.0849 ,1.1853 ,-0.99%,-0.41%,,
2017/2/6,2.2642 ,1.0940 ,1.1873 ,-0.44%,0.56%,,
2017/2/7,2.2597 ,1.0934 ,1.1840 ,-0.63%,-0.20%,,
2017/2/8,2.2813 ,1.0996 ,1.1885 ,0.00%,0.96%,,
2017/2/9,2.2953 ,1.1066 ,1.1928 ,0.00%,0.61%,,
2017/2/10,2.2987 ,1.1076 ,1.1995 ,0.00%,0.15%,,
2017/2/13,2.3066 ,1.1133 ,1.2052 ,0.00%,0.34%,,
2017/2/14,2.3066 ,1.1142 ,1.2022 ,0.00%,0.00%,,
2017/2/15,2.2911 ,1.1032 ,1.2016 ,-0.67%,-0.67%,,
2017/2/16,2.2958 ,1.1115 ,1.2039 ,-0.47%,0.21%,,
2017/2/17,2.2837 ,1.1024 ,1.1968 ,-0.99%,-0.53%,,
2017/2/20,2.3199 ,1.1160 ,1.2127 ,0.00%,1.58%,,
2017/2/21,2.3154 ,1.1246 ,1.2141 ,-0.19%,-0.19%,,
2017/2/22,2.3325 ,1.1316 ,1.2147 ,0.00%,0.74%,,
2017/2/23,2.3354 ,1.1315 ,1.2093 ,0.00%,0.13%,,
2017/2/24,2.3401 ,1.1319 ,1.2105 ,0.00%,0.20%,,
2017/2/27,2.3623 ,1.1228 ,1.2007 ,0.00%,0.95%,,
2017/2/28,2.3587 ,1.1275 ,1.2008 ,-0.15%,-0.15%,,
2017/3/1,2.3659 ,1.1304 ,1.2014 ,0.00%,0.31%,,
2017/3/2,2.3630 ,1.1246 ,1.1928 ,-0.12%,-0.12%,,
2017/3/3,2.3641 ,1.1278 ,1.1889 ,-0.08%,0.05%,,
2017/3/6,2.3888 ,1.1391 ,1.1903 ,0.00%,1.04%,,
2017/3/7,2.3936 ,1.1401 ,1.1935 ,0.00%,0.20%,,
2017/3/8,2.3971 ,1.1356 ,1.1944 ,0.00%,0.14%,,
2017/3/9,2.3818 ,1.1255 ,1.1886 ,-0.64%,-0.64%,,
2017/3/10,2.3767 ,1.1270 ,1.1849 ,-0.85%,-0.21%,,
2017/3/13,2.4035 ,1.1374 ,1.1928 ,0.00%,1.13%,,
2017/3/14,2.3983 ,1.1349 ,1.1928 ,-0.22%,-0.22%,,
2017/3/15,2.3995 ,1.1336 ,1.1940 ,-0.17%,0.05%,,
2017/3/16,2.4185 ,1.1436 ,1.2001 ,0.00%,0.79%,,
2017/3/17,2.4062 ,1.1331 ,1.1888 ,-0.51%,-0.51%,,
2017/3/20,2.4119 ,1.1358 ,1.1904 ,-0.27%,0.24%,,
2017/3/21,2.4187 ,1.1389 ,1.1939 ,0.00%,0.28%,,
2017/3/22,2.4240 ,1.1360 ,1.1845 ,0.00%,0.22%,,
2017/3/23,2.4313 ,1.1382 ,1.1890 ,0.00%,0.30%,,
2017/3/24,2.4012 ,1.1442 ,1.1982 ,-1.24%,-1.24%,,
2017/3/27,2.3922 ,1.1389 ,1.1976 ,-1.61%,-0.38%,,
2017/3/28,2.3881 ,1.1358 ,1.1935 ,-1.78%,-0.17%,,
2017/3/29,2.3913 ,1.1327 ,1.1917 ,-1.65%,0.13%,,
2017/3/30,2.3788 ,1.1144 ,1.1886 ,-2.16%,-0.52%,,
2017/3/31,2.3918 ,1.1189 ,1.1953 ,-1.63%,0.55%,,
2017/4/5,2.4187 ,1.1431 ,1.2077 ,-0.52%,1.13%,,
2017/4/6,2.4185 ,1.1465 ,1.2108 ,-0.52%,-0.01%,,
2017/4/7,2.4252 ,1.1498 ,1.2097 ,-0.25%,0.28%,,
2017/4/10,2.4208 ,1.1477 ,1.2051 ,-0.43%,-0.18%,,
2017/4/11,2.4416 ,1.1586 ,1.2066 ,0.00%,0.86%,,
2017/4/12,2.4244 ,1.1494 ,1.2050 ,-0.70%,-0.70%,,
2017/4/13,2.4214 ,1.1563 ,1.1995 ,-0.82%,-0.12%,,
2017/4/14,2.3873 ,1.1410 ,1.1931 ,-2.22%,-1.41%,,
2017/4/17,2.3896 ,1.1285 ,1.1941 ,-2.13%,0.10%,,
2017/4/18,2.3746 ,1.1218 ,1.1839 ,-2.74%,-0.63%,,
2017/4/19,2.3459 ,1.1100 ,1.1777 ,-3.92%,-1.21%,,
2017/4/20,2.3561 ,1.1095 ,1.1831 ,-3.50%,0.44%,,
2017/4/21,2.3634 ,1.1012 ,1.1892 ,-3.20%,0.31%,,
2017/4/24,2.3579 ,1.0729 ,1.1862 ,-3.43%,-0.23%,,
2017/4/25,2.3648 ,1.0767 ,1.1877 ,-3.14%,0.29%,,
2017/4/26,2.3587 ,1.0795 ,1.1876 ,-3.39%,-0.26%,,
2017/4/27,2.3649 ,1.0823 ,1.1912 ,-3.14%,0.26%,,
2017/4/28,2.3563 ,1.0857 ,1.1888 ,-3.49%,-0.36%,,
2017/5/2,2.3540 ,1.0865 ,1.1836 ,-3.59%,-0.10%,,
2017/5/3,2.3464 ,1.0832 ,1.1801 ,-3.90%,-0.32%,,
2017/5/4,2.3382 ,1.0795 ,1.1779 ,-4.23%,-0.35%,,
2017/5/5,2.3307 ,1.0644 ,1.1754 ,-4.54%,-0.32%,,
2017/5/8,2.3345 ,1.0444 ,1.1782 ,-4.38%,0.16%,,
2017/5/9,2.3479 ,1.0508 ,1.1733 ,-3.84%,0.57%,,
2017/5/10,2.4039 ,1.0287 ,1.1776 ,-1.54%,2.39%,,
2017/5/11,2.3970 ,1.0264 ,1.1849 ,-1.82%,-0.29%,,
2017/5/12,2.4290 ,1.0249 ,1.2032 ,-0.52%,1.33%,,
2017/5/15,2.4362 ,1.0301 ,1.2064 ,-0.22%,0.30%,,
2017/5/16,2.4906 ,1.0513 ,1.2062 ,0.00%,2.23%,,
2017/5/17,2.4720 ,1.0535 ,1.1972 ,-0.74%,-0.74%,,
2017/5/18,2.4467 ,1.0445 ,1.1927 ,-1.76%,-1.02%,,
2017/5/19,2.4527 ,1.0443 ,1.1962 ,-1.52%,0.24%,,
2017/5/22,2.4708 ,1.0292 ,1.2063 ,-0.79%,0.74%,,
2017/5/23,2.5007 ,1.0076 ,1.2216 ,0.00%,1.21%,,
2017/5/24,2.5188 ,1.0136 ,1.2195 ,0.00%,0.72%,,
2017/5/25,2.5413 ,1.0226 ,1.2529 ,0.00%,0.90%,,
2017/5/26,2.5431 ,1.0202 ,1.2517 ,0.00%,0.07%,,
2017/5/31,2.5607 ,1.0179 ,1.2557 ,0.00%,0.69%,,
2017/6/1,2.5798 ,0.9980 ,1.2645 ,0.00%,0.75%,,
2017/6/2,2.6183 ,1.0089 ,1.2539 ,0.00%,1.49%,,
2017/6/5,2.5863 ,1.0165 ,1.2412 ,-1.22%,-1.22%,,
2017/6/6,2.5999 ,1.0210 ,1.2491 ,-0.70%,0.53%,,
2017/6/7,2.6208 ,1.0408 ,1.2582 ,0.00%,0.80%,,
2017/6/8,2.6466 ,1.0415 ,1.2699 ,0.00%,0.98%,,
2017/6/9,2.6595 ,1.0433 ,1.2761 ,0.00%,0.49%,,
2017/6/12,2.6533 ,1.0317 ,1.2770 ,-0.23%,-0.23%,,
2017/6/13,2.6514 ,1.0452 ,1.2740 ,-0.30%,-0.07%,,
2017/6/14,2.6174 ,1.0428 ,1.2548 ,-1.58%,-1.28%,,
2017/6/15,2.6393 ,1.0524 ,1.2471 ,-0.76%,0.84%,,
2017/6/16,2.6422 ,1.0510 ,1.2424 ,-0.65%,0.11%,,
2017/6/19,2.6637 ,1.0587 ,1.2583 ,0.00%,0.81%,,
2017/6/20,2.6474 ,1.0604 ,1.2534 ,-0.61%,-0.61%,,
2017/6/21,2.6486 ,1.0623 ,1.2649 ,-0.57%,0.05%,,
2017/6/22,2.6576 ,1.0473 ,1.2748 ,-0.23%,0.34%,,
2017/6/23,2.6858 ,1.0505 ,1.2811 ,0.00%,1.06%,,
2017/6/26,2.6961 ,1.0682 ,1.2883 ,0.00%,0.38%,,
2017/6/27,2.7069 ,1.0685 ,1.2940 ,0.00%,0.40%,,
2017/6/28,2.6852 ,1.0637 ,1.2854 ,-0.80%,-0.80%,,
2017/6/29,2.6961 ,1.0691 ,1.2931 ,-0.40%,0.41%,,
2017/6/30,2.6852 ,1.0728 ,1.2916 ,-0.81%,-0.41%,,
2017/7/3,2.7058 ,1.0797 ,1.2837 ,-0.04%,0.77%,,
2017/7/4,2.6940 ,1.0743 ,1.2720 ,-0.48%,-0.44%,,
2017/7/5,2.7126 ,1.0826 ,1.2907 ,0.00%,0.69%,,
2017/7/6,2.7112 ,1.0839 ,1.2936 ,-0.05%,-0.05%,,
2017/7/7,2.7026 ,1.0882 ,1.2884 ,-0.37%,-0.32%,,
2017/7/10,2.6938 ,1.0848 ,1.2917 ,-0.69%,-0.32%,,
2017/7/11,2.7257 ,1.0712 ,1.3021 ,0.00%,1.18%,,
2017/7/12,2.7124 ,1.0719 ,1.2993 ,-0.49%,-0.49%,,
2017/7/13,2.7217 ,1.0749 ,1.3174 ,-0.15%,0.34%,,
2017/7/14,2.7509 ,1.0712 ,1.3286 ,0.00%,1.07%,,
2017/7/17,2.7557 ,1.0271 ,1.3329 ,0.00%,0.18%,,
2017/7/18,2.7896 ,1.0379 ,1.3293 ,0.00%,1.23%,,
2017/7/19,2.8356 ,1.0591 ,1.3463 ,0.00%,1.65%,,
2017/7/20,2.8428 ,1.0660 ,1.3501 ,0.00%,0.26%,,
2017/7/21,2.8649 ,1.0707 ,1.3368 ,0.00%,0.78%,,
2017/7/24,2.8851 ,1.0779 ,1.3445 ,0.00%,0.71%,,
2017/7/25,2.8839 ,1.0755 ,1.3388 ,-0.04%,-0.04%,,
2017/7/26,2.8786 ,1.0743 ,1.3353 ,-0.23%,-0.18%,,
2017/7/27,2.9067 ,1.0808 ,1.3355 ,0.00%,0.98%,,
2017/7/28,2.9332 ,1.0863 ,1.3354 ,0.00%,0.91%,,
2017/7/31,2.9713 ,1.1008 ,1.3363 ,0.00%,1.30%,,
2017/8/1,3.0193 ,1.0988 ,1.3584 ,0.00%,1.61%,,
2017/8/2,3.0247 ,1.0927 ,1.3578 ,0.00%,0.18%,,
2017/8/3,2.9790 ,1.0945 ,1.3404 ,-1.51%,-1.51%,,
2017/8/4,2.9569 ,1.0880 ,1.3310 ,-2.24%,-0.74%,,
2017/8/7,2.9662 ,1.1017 ,1.3343 ,-1.93%,0.31%,,
2017/8/8,2.9667 ,1.1018 ,1.3348 ,-1.92%,0.02%,,
2017/8/9,2.9444 ,1.1081 ,1.3273 ,-2.66%,-0.75%,,
2017/8/10,2.9126 ,1.0992 ,1.3227 ,-3.71%,-1.08%,,
2017/8/11,2.8632 ,1.0769 ,1.3019 ,-5.34%,-1.69%,,
2017/8/14,2.9310 ,1.0998 ,1.3126 ,-3.10%,2.37%,,
2017/8/15,2.9510 ,1.1037 ,1.3196 ,-2.44%,0.68%,,
2017/8/16,2.9353 ,1.1044 ,1.3144 ,-2.96%,-0.53%,,
2017/8/17,2.9606 ,1.1127 ,1.3190 ,-2.12%,0.86%,,
2017/8/18,2.9531 ,1.1095 ,1.3237 ,-2.37%,-0.25%,,
2017/8/21,2.9536 ,1.1193 ,1.3255 ,-2.35%,0.02%,,
2017/8/22,2.9850 ,1.1144 ,1.3390 ,-1.31%,1.06%,,
2017/8/23,3.0064 ,1.1051 ,1.3472 ,-0.60%,0.72%,,
2017/8/24,2.9938 ,1.0974 ,1.3405 ,-1.02%,-0.42%,,
2017/8/25,3.0635 ,1.1092 ,1.3708 ,0.00%,2.33%,,
2017/8/28,3.1065 ,1.1229 ,1.3861 ,0.00%,1.40%,,
2017/8/29,3.1085 ,1.1200 ,1.3874 ,0.00%,0.06%,,
2017/8/30,3.0906 ,1.1279 ,1.3819 ,-0.58%,-0.58%,,
2017/8/31,3.1044 ,1.1309 ,1.3750 ,-0.13%,0.45%,,
2017/9/1,3.1353 ,1.1407 ,1.3727 ,0.00%,1.00%,,
2017/9/4,3.1449 ,1.1474 ,1.3734 ,0.00%,0.31%,,
2017/9/5,3.1548 ,1.1486 ,1.3827 ,0.00%,0.31%,,
2017/9/6,3.1347 ,1.1548 ,1.3749 ,-0.64%,-0.64%,,
2017/9/7,3.1127 ,1.1463 ,1.3635 ,-1.33%,-0.70%,,
2017/9/8,3.1145 ,1.1490 ,1.3609 ,-1.28%,0.06%,,
2017/9/11,3.1662 ,1.1622 ,1.3548 ,0.00%,1.66%,,
2017/9/12,3.1831 ,1.1612 ,1.3638 ,0.00%,0.54%,,
2017/9/13,3.1709 ,1.1683 ,1.3614 ,-0.39%,-0.39%,,
2017/9/14,3.1698 ,1.1662 ,1.3539 ,-0.42%,-0.03%,,
2017/9/15,3.1451 ,1.1574 ,1.3516 ,-1.20%,-0.78%,,
2017/9/18,3.1533 ,1.1657 ,1.3545 ,-0.94%,0.26%,,
2017/9/19,3.1397 ,1.1598 ,1.3528 ,-1.37%,-0.43%,,
2017/9/20,3.1373 ,1.1697 ,1.3487 ,-1.44%,-0.07%,,
2017/9/21,3.1502 ,1.1557 ,1.3552 ,-1.03%,0.41%,,
2017/9/22,3.1479 ,1.1487 ,1.3570 ,-1.11%,-0.07%,,
2017/9/25,3.1455 ,1.1343 ,1.3578 ,-1.18%,-0.07%,,
2017/9/26,3.1662 ,1.1397 ,1.3570 ,-0.53%,0.66%,,
2017/9/27,3.2028 ,1.1506 ,1.3481 ,0.00%,1.16%,,
2017/9/28,3.2069 ,1.1479 ,1.3480 ,0.00%,0.13%,,
2017/9/29,3.2198 ,1.1541 ,1.3536 ,0.00%,0.40%,,
2017/10/9,3.2608 ,1.1672 ,1.3636 ,0.00%,1.27%,,
2017/10/10,3.2567 ,1.1720 ,1.3654 ,-0.13%,-0.13%,,
2017/10/11,3.2285 ,1.1652 ,1.3714 ,-0.99%,-0.87%,,
2017/10/12,3.2385 ,1.1639 ,1.3769 ,-0.69%,0.31%,,
2017/10/13,3.2397 ,1.1727 ,1.3744 ,-0.65%,0.04%,,
2017/10/16,3.2480 ,1.1569 ,1.3811 ,-0.39%,0.26%,,
2017/10/17,3.2398 ,1.1558 ,1.3795 ,-0.65%,-0.25%,,
2017/10/18,3.2642 ,1.1472 ,1.3945 ,0.00%,0.75%,,
2017/10/19,3.2647 ,1.1363 ,1.3960 ,0.00%,0.01%,,
2017/10/20,3.2540 ,1.1486 ,1.3867 ,-0.33%,-0.33%,,
2017/10/23,3.2760 ,1.1558 ,1.3850 ,0.00%,0.68%,,
2017/10/24,3.2683 ,1.1541 ,1.3948 ,-0.23%,-0.23%,,
2017/10/25,3.2666 ,1.1619 ,1.3940 ,-0.29%,-0.05%,,
2017/10/26,3.2770 ,1.1661 ,1.4036 ,0.00%,0.32%,,
2017/10/27,3.3229 ,1.1589 ,1.4255 ,0.00%,1.40%,,
2017/10/30,3.2988 ,1.1381 ,1.4229 ,-0.72%,-0.72%,,
2017/10/31,3.3179 ,1.1466 ,1.4151 ,-0.15%,0.58%,,
2017/11/1,3.3044 ,1.1453 ,1.4129 ,-0.56%,-0.41%,,
2017/11/2,3.3105 ,1.1334 ,1.4153 ,-0.37%,0.18%,,
2017/11/3,3.3064 ,1.1233 ,1.4185 ,-0.49%,-0.12%,,
2017/11/6,3.3064 ,1.1380 ,1.4143 ,-0.49%,0.00%,,
2017/11/7,3.3438 ,1.1451 ,1.4294 ,0.00%,1.13%,,
2017/11/8,3.3395 ,1.1469 ,1.4284 ,-0.13%,-0.13%,,
2017/11/9,3.3689 ,1.1555 ,1.4350 ,0.00%,0.88%,,
2017/11/10,3.3787 ,1.1608 ,1.4498 ,0.00%,0.29%,,
2017/11/13,3.3899 ,1.1660 ,1.4555 ,0.00%,0.33%,,
2017/11/14,3.4209 ,1.1561 ,1.4494 ,0.00%,0.91%,,
2017/11/15,3.4022 ,1.1427 ,1.4436 ,-0.55%,-0.55%,,
2017/11/16,3.4399 ,1.1463 ,1.4585 ,0.00%,1.11%,,
2017/11/17,3.4712 ,1.1119 ,1.4886 ,0.00%,0.91%,,
2017/11/20,3.5064 ,1.1244 ,1.4898 ,0.00%,1.01%,,
2017/11/21,3.5706 ,1.1284 ,1.5131 ,0.00%,1.83%,,
2017/11/22,3.5934 ,1.1255 ,1.5258 ,0.00%,0.64%,,
2017/11/23,3.4994 ,1.0967 ,1.4896 ,-2.62%,-2.62%,,
2017/11/24,3.5090 ,1.0973 ,1.4876 ,-2.35%,0.27%,,
2017/11/27,3.5592 ,1.0827 ,1.4777 ,-0.95%,1.43%,,
2017/11/28,3.6315 ,1.1010 ,1.4675 ,0.00%,2.03%,,
2017/11/29,3.6228 ,1.1043 ,1.4655 ,-0.24%,-0.24%,,
2017/11/30,3.5795 ,1.0947 ,1.4504 ,-1.43%,-1.20%,,
2017/12/1,3.6240 ,1.1040 ,1.4396 ,-0.20%,1.24%,,
2017/12/4,3.6464 ,1.0976 ,1.4494 ,0.00%,0.62%,,
2017/12/5,3.7066 ,1.0719 ,1.4742 ,0.00%,1.65%,,
2017/12/6,3.7262 ,1.0789 ,1.4566 ,0.00%,0.53%,,
2017/12/7,3.6980 ,1.0724 ,1.4430 ,-0.76%,-0.76%,,
2017/12/8,3.7517 ,1.0842 ,1.4514 ,0.00%,1.45%,,
2017/12/11,3.7956 ,1.0987 ,1.4685 ,0.00%,1.17%,,
2017/12/12,3.7278 ,1.0894 ,1.4437 ,-1.79%,-1.79%,,
2017/12/13,3.7579 ,1.0972 ,1.4552 ,-0.99%,0.81%,,
2017/12/14,3.7507 ,1.0983 ,1.4436 ,-1.18%,-0.19%,,
2017/12/15,3.7195 ,1.0899 ,1.4285 ,-2.01%,-0.83%,,
2017/12/18,3.6924 ,1.0836 ,1.4330 ,-2.72%,-0.73%,,
2017/12/19,3.7490 ,1.0926 ,1.4553 ,-1.23%,1.53%,,
2017/12/20,3.7516 ,1.0835 ,1.4586 ,-1.16%,0.07%,,
2017/12/21,3.7810 ,1.0904 ,1.4666 ,-0.38%,0.78%,,
2017/12/22,3.7597 ,1.0911 ,1.4592 ,-0.95%,-0.56%,,
2017/12/25,3.7097 ,1.0811 ,1.4588 ,-2.26%,-1.33%,,
2017/12/26,3.7358 ,1.0872 ,1.4661 ,-1.58%,0.70%,,
2017/12/27,3.6967 ,1.0789 ,1.4383 ,-2.60%,-1.05%,,
2017/12/28,3.7268 ,1.0844 ,1.4482 ,-1.81%,0.81%,,
2017/12/29,3.6808 ,1.0925 ,1.4489 ,-3.02%,-1.24%,,
2018/1/2,3.6626 ,1.1067 ,1.4733 ,-3.50%,-0.49%,,
2018/1/3,3.6507 ,1.1165 ,1.4756 ,-3.82%,-0.33%,,
2018/1/4,3.6430 ,1.1217 ,1.4788 ,-4.02%,-0.21%,,
2018/1/5,3.6380 ,1.1216 ,1.4853 ,-4.15%,-0.14%,,
2018/1/8,3.6270 ,1.1267 ,1.4931 ,-4.44%,-0.30%,,
2018/1/9,3.6260 ,1.1266 ,1.5040 ,-4.47%,-0.03%,,
2018/1/10,3.6469 ,1.1196 ,1.5173 ,-3.92%,0.58%,,
2018/1/11,3.6384 ,1.1231 ,1.5181 ,-4.14%,-0.23%,,
2018/1/12,3.6189 ,1.1185 ,1.5290 ,-4.66%,-0.54%,,
2018/1/15,3.6845 ,1.0930 ,1.5443 ,-2.93%,1.81%,,
2018/1/16,3.7041 ,1.1013 ,1.5519 ,-2.41%,0.53%,,
2018/1/17,3.7042 ,1.0954 ,1.5582 ,-2.41%,0.00%,,
2018/1/18,3.7033 ,1.0988 ,1.5735 ,-2.43%,-0.02%,,
2018/1/19,3.7109 ,1.0963 ,1.5793 ,-2.23%,0.21%,,
2018/1/22,3.6748 ,1.1094 ,1.5856 ,-3.18%,-0.97%,,
2018/1/23,3.6875 ,1.1107 ,1.6090 ,-2.85%,0.35%,,
2018/1/24,3.6869 ,1.1176 ,1.6109 ,-2.86%,-0.02%,,
2018/1/25,3.6862 ,1.1156 ,1.5993 ,-2.88%,-0.02%,,
2018/1/26,3.6798 ,1.1157 ,1.6071 ,-3.05%,-0.17%,,
2018/1/29,3.6948 ,1.1028 ,1.5807 ,-2.66%,0.41%,,
2018/1/30,3.6834 ,1.1035 ,1.5596 ,-2.96%,-0.31%,,
2018/1/31,3.7478 ,1.0818 ,1.5788 ,-1.26%,1.75%,,
2018/2/1,3.8472 ,1.0460 ,1.5911 ,0.00%,2.65%,,
2018/2/2,3.8504 ,1.0495 ,1.5954 ,0.00%,0.08%,,
2018/2/5,3.8498 ,1.0484 ,1.6114 ,-0.02%,-0.02%,,
2018/2/6,3.9656 ,0.9970 ,1.5791 ,0.00%,3.01%,,
2018/2/7,4.0259 ,0.9982 ,1.5346 ,0.00%,1.52%,,
2018/2/8,4.0996 ,1.0079 ,1.4921 ,0.00%,1.83%,,
2018/2/9,4.2882 ,0.9709 ,1.4233 ,0.00%,4.60%,,
2018/2/12,4.3289 ,0.9961 ,1.4209 ,0.00%,0.95%,,
2018/2/13,4.3526 ,1.0027 ,1.4450 ,0.00%,0.55%,,
2018/2/14,4.3388 ,1.0058 ,1.4546 ,-0.32%,-0.32%,,
2018/2/22,4.3805 ,1.0270 ,1.4851 ,0.00%,0.96%,,
2018/2/23,4.3754 ,1.0308 ,1.4979 ,-0.12%,-0.12%,,
2018/2/26,4.3005 ,1.0539 ,1.5063 ,-1.83%,-1.71%,,
2018/2/27,4.2921 ,1.0505 ,1.4826 ,-2.02%,-0.19%,,
2018/2/28,4.2688 ,1.0528 ,1.4581 ,-2.55%,-0.54%,,
2018/3/1,4.2384 ,1.0644 ,1.4645 ,-3.25%,-0.71%,,
2018/3/2,4.2449 ,1.0585 ,1.4508 ,-3.10%,0.15%,,
2018/3/5,4.2406 ,1.0599 ,1.4507 ,-3.19%,-0.10%,,
2018/3/6,4.2441 ,1.0741 ,1.4651 ,-3.11%,0.08%,,
2018/3/7,4.2696 ,1.0638 ,1.4579 ,-2.53%,0.60%,,
2018/3/8,4.2523 ,1.0717 ,1.4680 ,-2.93%,-0.40%,,
2018/3/9,4.2113 ,1.0849 ,1.4731 ,-3.86%,-0.97%,,
2018/3/12,4.1687 ,1.1004 ,1.4738 ,-4.84%,-1.01%,,
2018/3/13,4.1756 ,1.0931 ,1.4605 ,-4.68%,0.17%,,
2018/3/14,4.1883 ,1.0818 ,1.4544 ,-4.39%,0.30%,,
2018/3/15,4.2030 ,1.0802 ,1.4664 ,-4.05%,0.35%,,
2018/3/16,4.2104 ,1.0743 ,1.4541 ,-3.88%,0.18%,,
2018/3/19,4.1944 ,1.0756 ,1.4675 ,-4.25%,-0.38%,,
2018/3/20,4.1976 ,1.0790 ,1.4711 ,-4.18%,0.08%,,
2018/3/21,4.2338 ,1.0713 ,1.4660 ,-3.35%,0.86%,,
2018/3/22,4.2341 ,1.0664 ,1.4520 ,-3.34%,0.01%,,
2018/3/23,4.3234 ,1.0115 ,1.4139 ,-1.30%,2.11%,,
2018/3/26,4.3704 ,1.0317 ,1.3873 ,-0.23%,1.09%,,
2018/3/27,4.3922 ,1.0548 ,1.3917 ,0.00%,0.50%,,
2018/3/28,4.4035 ,1.0440 ,1.3650 ,0.00%,0.26%,,
2018/3/29,4.4346 ,1.0548 ,1.3873 ,0.00%,0.71%,,
2018/3/30,4.4296 ,1.0687 ,1.3788 ,-0.11%,-0.11%,,
2018/4/2,4.4244 ,1.0700 ,1.3734 ,-0.23%,-0.12%,,
2018/4/3,4.4343 ,1.0591 ,1.3662 ,-0.01%,0.23%,,
2018/4/4,4.4561 ,1.0518 ,1.3688 ,0.00%,0.49%,,
2018/4/9,4.4603 ,1.0532 ,1.3756 ,0.00%,0.09%,,
2018/4/10,4.4883 ,1.0598 ,1.4085 ,0.00%,0.63%,,
2018/4/11,4.4812 ,1.0638 ,1.4108 ,-0.16%,-0.16%,,
2018/4/12,4.5014 ,1.0577 ,1.3928 ,0.00%,0.45%,,
2018/4/13,4.5188 ,1.0534 ,1.3810 ,0.00%,0.39%,,
2018/4/16,4.5483 ,1.0508 ,1.3497 ,0.00%,0.65%,,
2018/4/17,4.6111 ,1.0296 ,1.3350 ,0.00%,1.38%,,
2018/4/18,4.6370 ,1.0436 ,1.3442 ,0.00%,0.56%,,
2018/4/19,4.6561 ,1.0495 ,1.3588 ,0.00%,0.41%,,
2018/4/20,4.7035 ,1.0279 ,1.3410 ,0.00%,1.02%,,
2018/4/23,4.7057 ,1.0179 ,1.3498 ,0.00%,0.05%,,
2018/4/24,4.6522 ,1.0412 ,1.3792 ,-1.14%,-1.14%,,
2018/4/25,4.6598 ,1.0416 ,1.3691 ,-0.98%,0.17%,,
2018/4/26,4.6999 ,1.0221 ,1.3504 ,-0.12%,0.86%,,
2018/4/27,4.6896 ,1.0244 ,1.3441 ,-0.34%,-0.22%,,
2018/5/2,4.6838 ,1.0234 ,1.3437 ,-0.47%,-0.12%,,
2018/5/3,4.6504 ,1.0331 ,1.3494 ,-1.18%,-0.71%,,
2018/5/4,4.6435 ,1.0328 ,1.3404 ,-1.32%,-0.15%,,
2018/5/7,4.6062 ,1.0520 ,1.3594 ,-2.11%,-0.80%,,
2018/5/8,4.6270 ,1.0560 ,1.3792 ,-1.67%,0.45%,,
2018/5/9,4.6302 ,1.0538 ,1.3763 ,-1.61%,0.07%,,
2018/5/10,4.6471 ,1.0558 ,1.3825 ,-1.25%,0.37%,,
2018/5/11,4.6713 ,1.0472 ,1.3801 ,-0.73%,0.52%,,
2018/5/14,4.6980 ,1.0430 ,1.3947 ,-0.16%,0.57%,,
2018/5/15,4.6635 ,1.0523 ,1.3934 ,-0.90%,-0.73%,,
2018/5/16,4.6703 ,1.0494 ,1.3761 ,-0.75%,0.15%,,
2018/5/17,4.6819 ,1.0441 ,1.3681 ,-0.51%,0.25%,,
2018/5/18,4.6698 ,1.0478 ,1.3881 ,-0.76%,-0.26%,,
2018/5/21,4.6884 ,1.0613 ,1.3908 ,-0.37%,0.40%,,
2018/5/22,4.6956 ,1.0649 ,1.3818 ,-0.21%,0.15%,,
2018/5/23,4.7335 ,1.0511 ,1.3594 ,0.00%,0.81%,,
2018/5/24,4.7393 ,1.0474 ,1.3502 ,0.00%,0.12%,,
2018/5/25,4.7509 ,1.0343 ,1.3480 ,0.00%,0.24%,,
2018/5/28,4.7678 ,1.0297 ,1.3540 ,0.00%,0.36%,,
2018/5/29,4.7991 ,1.0199 ,1.3491 ,0.00%,0.66%,,
2018/5/30,4.8653 ,0.9932 ,1.3200 ,0.00%,1.38%,,
2018/5/31,4.8884 ,1.0058 ,1.3465 ,0.00%,0.47%,,
2018/6/1,4.8480 ,0.9936 ,1.3409 ,-0.83%,-0.83%,,
2018/6/4,4.8672 ,0.9933 ,1.3649 ,-0.43%,0.40%,,
2018/6/5,4.8425 ,1.0101 ,1.3712 ,-0.94%,-0.51%,,
2018/6/6,4.8372 ,1.0092 ,1.3637 ,-1.05%,-0.11%,,
2018/6/7,4.8412 ,1.0029 ,1.3652 ,-0.97%,0.08%,,
2018/6/8,4.8052 ,0.9909 ,1.3433 ,-1.70%,-0.74%,,
2018/6/11,4.8329 ,0.9844 ,1.3476 ,-1.14%,0.58%,,
2018/6/12,4.8075 ,0.9951 ,1.3614 ,-1.66%,-0.53%,,
2018/6/13,4.8057 ,0.9800 ,1.3532 ,-1.69%,-0.04%,,
2018/6/14,4.8175 ,0.9765 ,1.3531 ,-1.45%,0.25%,,
2018/6/15,4.8871 ,0.9585 ,1.3514 ,-0.03%,1.44%,,
2018/6/19,5.0885 ,0.8987 ,1.3169 ,0.00%,4.12%,,
2018/6/20,5.1047 ,0.9086 ,1.3161 ,0.00%,0.32%,,
2018/6/21,5.0732 ,0.8895 ,1.3064 ,-0.62%,-0.62%,,
2018/6/22,5.0597 ,0.9019 ,1.3087 ,-0.88%,-0.27%,,
2018/6/25,5.0690 ,0.8958 ,1.2848 ,-0.70%,0.18%,,
2018/6/26,5.0236 ,0.9019 ,1.2697 ,-1.59%,-0.90%,,
2018/6/27,5.0379 ,0.8930 ,1.2423 ,-1.31%,0.29%,,
2018/6/28,5.0746 ,0.8835 ,1.2284 ,-0.59%,0.73%,,
2018/6/29,5.0101 ,0.9120 ,1.2561 ,-1.85%,-1.27%,,
2018/7/2,5.0057 ,0.8982 ,1.2088 ,-1.94%,-0.09%,,
2018/7/3,4.9639 ,0.9084 ,1.2101 ,-2.76%,-0.83%,,
2018/7/4,4.9860 ,0.8951 ,1.1997 ,-2.32%,0.45%,,
2018/7/5,4.9457 ,0.8709 ,1.2027 ,-3.12%,-0.81%,,
2018/7/6,4.9478 ,0.8733 ,1.2170 ,-3.07%,0.04%,,
2018/7/9,5.0196 ,0.8927 ,1.2518 ,-1.67%,1.45%,,
2018/7/10,5.0150 ,0.8978 ,1.2517 ,-1.76%,-0.09%,,
2018/7/11,4.9564 ,0.8802 ,1.2320 ,-2.90%,-1.17%,,
2018/7/12,5.0252 ,0.9040 ,1.2535 ,-1.56%,1.39%,,
2018/7/13,5.0210 ,0.9096 ,1.2546 ,-1.64%,-0.08%,,
2018/7/16,5.0373 ,0.9080 ,1.2404 ,-1.32%,0.33%,,
2018/7/17,5.0489 ,0.9082 ,1.2311 ,-1.09%,0.23%,,
2018/7/18,5.0612 ,0.9013 ,1.2262 ,-0.85%,0.24%,,
2018/7/19,5.0937 ,0.8934 ,1.2289 ,-0.22%,0.64%,,
2018/7/20,5.1251 ,0.9045 ,1.2632 ,0.00%,0.62%,,
2018/7/23,5.1010 ,0.9113 ,1.2799 ,-0.47%,-0.47%,,
2018/7/24,5.1453 ,0.9271 ,1.2985 ,0.00%,0.87%,,
2018/7/25,5.1466 ,0.9278 ,1.2986 ,0.00%,0.03%,,
2018/7/26,5.1356 ,0.9217 ,1.2820 ,-0.22%,-0.22%,,
2018/7/27,5.1409 ,0.9175 ,1.2790 ,-0.11%,0.10%,,
2018/7/30,5.2126 ,0.9063 ,1.2872 ,0.00%,1.39%,,
2018/7/31,5.2047 ,0.9069 ,1.2892 ,-0.15%,-0.15%,,
2018/8/1,5.2873 ,0.8923 ,1.2614 ,0.00%,1.59%,,
2018/8/2,5.3410 ,0.8732 ,1.2361 ,0.00%,1.02%,,
2018/8/3,5.3352 ,0.8616 ,1.2225 ,-0.11%,-0.11%,,
2018/8/6,5.2554 ,0.8434 ,1.2190 ,-1.60%,-1.50%,,
2018/8/7,5.1930 ,0.8664 ,1.2561 ,-2.77%,-1.19%,,
2018/8/8,5.2306 ,0.8530 ,1.2395 ,-2.07%,0.72%,,
2018/8/9,5.1619 ,0.8747 ,1.2687 ,-3.35%,-1.31%,,
2018/8/10,5.1895 ,0.8792 ,1.2679 ,-2.84%,0.53%,,
2018/8/13,5.1930 ,0.8836 ,1.2554 ,-2.77%,0.07%,,
2018/8/14,5.1892 ,0.8805 ,1.2507 ,-2.84%,-0.07%,,
2018/8/15,5.2524 ,0.8622 ,1.2201 ,-1.66%,1.22%,,
2018/8/16,5.2147 ,0.8544 ,1.2183 ,-2.37%,-0.72%,,
2018/8/17,5.2318 ,0.8395 ,1.2026 ,-2.04%,0.33%,,
2018/8/20,5.2311 ,0.8446 ,1.2203 ,-2.06%,-0.02%,,
2018/8/21,5.2438 ,0.8550 ,1.2422 ,-1.82%,0.24%,,
2018/8/22,5.2484 ,0.8454 ,1.2411 ,-1.73%,0.09%,,
2018/8/23,5.2340 ,0.8501 ,1.2466 ,-2.00%,-0.27%,,
2018/8/24,5.2276 ,0.8481 ,1.2521 ,-2.12%,-0.12%,,
2018/8/27,5.1508 ,0.8669 ,1.2776 ,-3.56%,-1.47%,,
2018/8/28,5.1591 ,0.8694 ,1.2720 ,-3.41%,0.16%,,
2018/8/29,5.1647 ,0.8638 ,1.2681 ,-3.30%,0.11%,,
2018/8/30,5.1330 ,0.8507 ,1.2558 ,-3.90%,-0.61%,,
2018/8/31,5.1756 ,0.8415 ,1.2534 ,-3.10%,0.83%,,
2018/9/3,5.1364 ,0.8457 ,1.2490 ,-3.83%,-0.76%,,
2018/9/4,5.1754 ,0.8547 ,1.2665 ,-3.10%,0.76%,,
2018/9/5,5.2512 ,0.8416 ,1.2365 ,-1.68%,1.46%,,
2018/9/6,5.2308 ,0.8378 ,1.2238 ,-2.06%,-0.39%,,
2018/9/7,5.2323 ,0.8375 ,1.2347 ,-2.04%,0.03%,,
2018/9/10,5.2665 ,0.8223 ,1.2225 ,-1.39%,0.65%,,
2018/9/11,5.2256 ,0.8220 ,1.2150 ,-2.16%,-0.78%,,
2018/9/12,5.2462 ,0.8204 ,1.2062 ,-1.77%,0.39%,,
2018/9/13,5.1874 ,0.8252 ,1.2234 ,-2.88%,-1.12%,,
2018/9/14,5.1587 ,0.8162 ,1.2285 ,-3.41%,-0.55%,,
2018/9/17,5.2143 ,0.8044 ,1.2156 ,-2.37%,1.08%,,
2018/9/18,5.1276 ,0.8186 ,1.2454 ,-4.00%,-1.66%,,
2018/9/19,5.1863 ,0.8279 ,1.2598 ,-2.90%,1.15%,,
2018/9/20,5.1746 ,0.8273 ,1.2599 ,-3.11%,-0.22%,,
2018/9/21,5.2215 ,0.8399 ,1.3036 ,-2.24%,0.91%,,
2018/9/25,5.1834 ,0.8376 ,1.2905 ,-2.95%,-0.73%,,
2018/9/26,5.1834 ,0.8417 ,1.3082 ,-2.95%,0.00%,,
2018/9/27,5.1917 ,0.8311 ,1.3045 ,-2.80%,0.16%,,
2018/9/28,5.1881 ,0.8391 ,1.3203 ,-2.86%,-0.07%,,
2018/10/8,5.3663 ,0.8121 ,1.2596 ,0.00%,3.44%,,
2018/10/9,5.3664 ,0.8101 ,1.2621 ,0.00%,0.00%,,
2018/10/10,5.3544 ,0.8092 ,1.2633 ,-0.22%,-0.22%,,
2018/10/11,5.7941 ,0.7529 ,1.2108 ,0.00%,8.21%,,
2018/10/12,5.7277 ,0.7477 ,1.2380 ,-1.15%,-1.15%,,
2018/10/15,5.7760 ,0.7339 ,1.2220 ,-0.31%,0.84%,,
2018/10/16,5.7999 ,0.7165 ,1.2235 ,0.00%,0.41%,,
2018/10/17,5.8167 ,0.7224 ,1.2305 ,0.00%,0.29%,,
2018/10/18,5.7583 ,0.7023 ,1.2000 ,-1.00%,-1.00%,,
2018/10/19,5.6509 ,0.7215 ,1.2391 ,-2.85%,-1.86%,,
2018/10/22,5.8321 ,0.7573 ,1.2867 ,0.00%,3.21%,,
2018/10/23,5.7818 ,0.7434 ,1.2485 ,-0.86%,-0.86%,,
2018/10/24,5.7578 ,0.7420 ,1.2549 ,-1.27%,-0.42%,,
2018/10/25,5.7463 ,0.7401 ,1.2588 ,-1.47%,-0.20%,,
2018/10/26,5.7618 ,0.7400 ,1.2506 ,-1.21%,0.27%,,
2018/10/29,5.8227 ,0.7275 ,1.2104 ,-0.16%,1.06%,,
2018/10/30,5.8098 ,0.7349 ,1.2236 ,-0.38%,-0.22%,,
2018/10/31,5.8098 ,0.7468 ,1.2416 ,-0.38%,0.00%,,
2018/11/1,5.8250 ,0.7514 ,1.2461 ,-0.12%,0.26%,,
2018/11/2,5.6127 ,0.7757 ,1.2880 ,-3.76%,-3.64%,,
2018/11/5,5.6343 ,0.7762 ,1.2722 ,-3.39%,0.38%,,
2018/11/6,5.6380 ,0.7757 ,1.2661 ,-3.33%,0.07%,,
2018/11/7,5.6001 ,0.7757 ,1.2661 ,-3.98%,-0.67%,,
2018/11/8,5.6224 ,0.7659 ,1.2592 ,-3.60%,0.40%,,
2018/11/9,5.5927 ,0.7635 ,1.2330 ,-4.10%,-0.53%,,
2018/11/12,5.4842 ,0.7833 ,1.2384 ,-5.96%,-1.94%,,
2018/11/13,5.5195 ,0.7976 ,1.2476 ,-5.36%,0.64%,,
2018/11/14,5.4960 ,0.7945 ,1.2308 ,-5.76%,-0.43%,,
2018/11/15,5.5395 ,0.8075 ,1.2456 ,-5.02%,0.79%,,
2018/11/16,5.5663 ,0.8143 ,1.2468 ,-4.56%,0.48%,,
2018/11/19,5.5418 ,0.8164 ,1.2623 ,-4.98%,-0.44%,,
2018/11/20,5.4759 ,0.7931 ,1.2394 ,-6.11%,-1.19%,,
2018/11/21,5.4843 ,0.7961 ,1.2416 ,-5.96%,0.15%,,
2018/11/22,5.4953 ,0.7955 ,1.2347 ,-5.77%,0.20%,,
2018/11/23,5.5745 ,0.7646 ,1.2153 ,-4.42%,1.44%,,
2018/11/26,5.5605 ,0.7633 ,1.2166 ,-4.66%,-0.25%,,
2018/11/27,5.5254 ,0.7669 ,1.2128 ,-5.26%,-0.63%,,
2018/11/28,5.5607 ,0.7763 ,1.2264 ,-4.65%,0.64%,,
2018/11/29,5.5162 ,0.7595 ,1.2166 ,-5.42%,-0.80%,,
2018/11/30,5.5367 ,0.7650 ,1.2299 ,-5.06%,0.37%,,
2018/12/3,5.4447 ,0.7892 ,1.2603 ,-6.64%,-1.66%,,
2018/12/4,5.4099 ,0.7928 ,1.2644 ,-7.24%,-0.64%,,
2018/12/5,5.4366 ,0.7870 ,1.2571 ,-6.78%,0.49%,,
2018/12/6,5.4863 ,0.7710 ,1.2331 ,-5.93%,0.91%,,
2018/12/7,5.4877 ,0.7709 ,1.2312 ,-5.90%,0.03%,,
2018/12/10,5.5186 ,0.7619 ,1.2200 ,-5.38%,0.56%,,
2018/12/11,5.4864 ,0.7683 ,1.2236 ,-5.93%,-0.58%,,
2018/12/12,5.4768 ,0.7679 ,1.2275 ,-6.09%,-0.18%,,
2018/12/13,5.4402 ,0.7766 ,1.2450 ,-6.72%,-0.67%,,
2018/12/14,5.5637 ,0.7580 ,1.2275 ,-4.60%,2.27%,,
2018/12/17,5.5583 ,0.7569 ,1.2288 ,-4.69%,-0.10%,,
2018/12/18,5.5751 ,0.7528 ,1.2146 ,-4.41%,0.30%,,
2018/12/19,5.6134 ,0.7424 ,1.2002 ,-3.75%,0.69%,,
2018/12/20,5.5949 ,0.7445 ,1.1827 ,-4.07%,-0.33%,,
2018/12/21,5.6125 ,0.7395 ,1.1681 ,-3.76%,0.31%,,
2018/12/24,5.6452 ,0.7471 ,1.1697 ,-3.20%,0.58%,,
2018/12/25,5.5659 ,0.7385 ,1.1637 ,-4.56%,-1.41%,,
2018/12/26,5.5700 ,0.7355 ,1.1557 ,-4.49%,0.07%,,
2018/12/27,5.6085 ,0.7273 ,1.1529 ,-3.83%,0.69%,,
2018/12/28,5.6157 ,0.7285 ,1.1615 ,-3.71%,0.13%,,
2019/1/2,5.6400 ,0.7222 ,1.1462 ,-3.29%,0.43%,,
2019/1/3,5.6400 ,0.7188 ,1.1494 ,-3.29%,0.00%,,
2019/1/4,5.5728 ,0.7360 ,1.1724 ,-4.45%,-1.19%,,
2019/1/7,5.6061 ,0.7495 ,1.1723 ,-3.87%,0.60%,,
2019/1/8,5.6087 ,0.7476 ,1.1676 ,-3.83%,0.05%,,
2019/1/9,5.6154 ,0.7496 ,1.1816 ,-3.72%,0.12%,,
2019/1/10,5.6132 ,0.7484 ,1.1811 ,-3.75%,-0.04%,,
2019/1/11,5.5749 ,0.7542 ,1.1926 ,-4.41%,-0.68%,,
2019/1/14,5.5979 ,0.7492 ,1.1808 ,-4.01%,0.41%,,
2019/1/15,5.5371 ,0.7598 ,1.2047 ,-5.06%,-1.09%,,
2019/1/16,5.5367 ,0.7580 ,1.2061 ,-5.07%,-0.01%,,
2019/1/17,5.5594 ,0.7522 ,1.2011 ,-4.68%,0.41%,,
2019/1/18,5.5302 ,0.7599 ,1.2245 ,-5.18%,-0.52%,,
2019/1/21,5.5564 ,0.7644 ,1.2321 ,-4.73%,0.47%,,
2019/1/22,5.6172 ,0.7530 ,1.2163 ,-3.68%,1.09%,,
2019/1/23,5.6188 ,0.7543 ,1.2142 ,-3.66%,0.03%,,
2019/1/24,5.5877 ,0.7582 ,1.2215 ,-4.19%,-0.55%,,
2019/1/25,5.5995 ,0.7548 ,1.2368 ,-3.99%,0.21%,,
2019/1/28,5.6126 ,0.7528 ,1.2344 ,-3.76%,0.23%,,
2019/1/29,5.6432 ,0.7436 ,1.2440 ,-3.24%,0.54%,,
2019/1/30,5.6718 ,0.7361 ,1.2359 ,-2.75%,0.51%,,
2019/1/31,5.6766 ,0.7300 ,1.2579 ,-2.67%,0.08%,,
2019/2/1,5.7462 ,0.7506 ,1.2661 ,-1.47%,1.23%,,
2019/2/11,5.8169 ,0.7695 ,1.2802 ,-0.26%,1.23%,,
2019/2/12,5.8226 ,0.7759 ,1.2831 ,-0.16%,0.10%,,
2019/2/13,5.8107 ,0.7887 ,1.3071 ,-0.37%,-0.20%,,
2019/2/14,5.8081 ,0.7921 ,1.3050 ,-0.41%,-0.04%,,
2019/2/15,5.8537 ,0.7870 ,1.2752 ,0.00%,0.78%,,
2019/2/18,5.8282 ,0.8146 ,1.3083 ,-0.44%,-0.44%,,
2019/2/19,5.8240 ,0.8157 ,1.3064 ,-0.51%,-0.07%,,
2019/2/20,5.8331 ,0.8158 ,1.3110 ,-0.35%,0.16%,,
2019/2/21,5.8340 ,0.8143 ,1.3054 ,-0.34%,0.01%,,
2019/2/22,5.8875 ,0.8350 ,1.3287 ,0.00%,0.92%,,
2019/2/25,5.9811 ,0.8816 ,1.4120 ,0.00%,1.59%,,
2019/2/26,5.9722 ,0.8806 ,1.3848 ,-0.15%,-0.15%,,
2019/2/27,5.9498 ,0.8770 ,1.3931 ,-0.52%,-0.37%,,
2019/2/28,5.9642 ,0.8783 ,1.3899 ,-0.28%,0.24%,,
2019/3/1,5.9190 ,0.8856 ,1.4281 ,-1.04%,-0.76%,,
2019/3/4,5.9377 ,0.9016 ,1.4348 ,-0.73%,0.32%,,
2019/3/5,6.0982 ,0.9255 ,1.4329 ,0.00%,2.70%,,
2019/3/6,6.1907 ,0.9421 ,1.4387 ,0.00%,1.52%,,
2019/3/7,6.2301 ,0.9541 ,1.4131 ,0.00%,0.64%,,
2019/3/8,6.0709 ,0.9168 ,1.3603 ,-2.56%,-2.56%,,
2019/3/11,6.1635 ,0.9537 ,1.3720 ,-1.07%,1.52%,,
2019/3/12,6.2835 ,0.9702 ,1.3776 ,0.00%,1.95%,,
2019/3/13,6.1715 ,0.9482 ,1.3798 ,-1.78%,-1.78%,,
2019/3/14,6.1012 ,0.9261 ,1.3824 ,-2.90%,-1.14%,,
2019/3/15,6.1339 ,0.9366 ,1.3959 ,-2.38%,0.54%,,
2019/3/18,6.2181 ,0.9615 ,1.4310 ,-1.04%,1.37%,,
2019/3/19,6.1935 ,0.9652 ,1.4218 ,-1.43%,-0.40%,,
2019/3/20,6.2070 ,0.9640 ,1.4248 ,-1.22%,0.22%,,
2019/3/21,6.2624 ,0.9769 ,1.4198 ,-0.34%,0.89%,,
2019/3/22,6.3061 ,0.9826 ,1.4159 ,0.00%,0.70%,,
2019/3/25,6.3558 ,0.9700 ,1.3768 ,0.00%,0.79%,,
2019/3/26,6.3332 ,0.9429 ,1.3707 ,-0.36%,-0.36%,,
2019/3/27,6.3594 ,0.9522 ,1.3887 ,0.00%,0.41%,,
2019/3/28,6.3128 ,0.9386 ,1.3848 ,-0.73%,-0.73%,,
2019/3/29,6.2346 ,0.9696 ,1.4378 ,-1.96%,-1.24%,,
2019/4/1,6.5466 ,1.0064 ,1.4652 ,0.00%,5.01%,,
2019/4/2,6.5211 ,1.0094 ,1.4631 ,-0.39%,-0.39%,,
2019/4/3,6.5654 ,1.0200 ,1.4791 ,0.00%,0.68%,,
2019/4/4,6.5477 ,1.0262 ,1.4953 ,-0.27%,-0.27%,,
